{
  "type":"ItemTurret",
  "category":"turret",
  "size":3,
  "reload":2,
  "shake":1,
  "ammoPerShot":30,
  "shootWarmupSpeed": 0.05,
  "minWarmup": 0.8,
  "range":230,
  "maxAmmo":980,
  "inaccuracy":1,
  "liquidCapacity":6,
  "ammoUseEffect":"casing2Double",
  "shoot": {
    "type": "ShootMulti",
    "source": {
      "type": "ShootAlternate",
      "barrels": 2,
      "shots":1
    },
    "dest": [
      {"shots": 1,"shotDelay": 10}
    ],
    "firstShotDelay": 119,
    "shots": 1
  },
  "drawer": {
    "type": "drawTurret",
    "parts": [
      {
      "type":"RegionPart",
      "suffix":"-heat",
      "progress": "warmup",
      "moveY": -0.5,
      "outlineLayerOffset": -0.004,
      "layerOffset": -0.001,
      "moves": [
        {
        "type": "PartMove",
        "progress": "recoil",
        "y": -3
        }
      ]
    },
      {
        "type": "RegionPart",
        "progress": "warmup",
        "moveY": -0.5,
        "outlineLayerOffset": 0.001,
        "suffix": "-barrel",
        "layerOffset": -0.002,
        "moves": [
          {
          "type": "PartMove",
          "progress": "recoil",
          "y": -3
          }
        ]
      },
      {
        "type": "RegionPart",
        "outlineLayerOffset": 0.001,
        "layerOffset": 0.001
      }
    ]
  },
  "ammoTypes": {
    "copper": {
      "type":"BasicBulletType",
      "height":16,
      "width":12,
      "speed":10,
      "lifetime":25,
      "ammoMultiplier":180,
      "damage":12,
      "splashDamage":6,
      "scaledSplashDamage": true,
      "splashDamageRadius": 10,
      "frontColor": "FFFFFFFF",
      "backColor": "FCC01CFF"
    },
    "graphite": {
      "type":"BasicBulletType",
      "height":16,
      "width":12,
      "speed":10,
      "lifetime":25,
      "ammoMultiplier":180,
      "damage":12,
      "splashDamage":16,
      "scaledSplashDamage": true,
      "splashDamageRadius": 16,
      "frontColor": "FFFFFFFF",
      "backColor": "FCC01CFF"
    },
    "titanium": {
      "type":"BasicBulletType",
      "height":16,
      "width":12,
      "speed":10,
      "lifetime":25,
      "ammoMultiplier":180,
      "damage":18,
      "splashDamage":16,
      "scaledSplashDamage": true,
      "splashDamageRadius": 10,
      "frontColor": "FFFFFFFF",
      "backColor": "FCC01CFF"
    },
    "blast-compound": {
      "type":"BasicBulletType",
      "height":16,
      "width":12,
      "speed":10,
      "lifetime":25,
      "ammoMultiplier":190,
      "damage":22,
      "splashDamage":20,
      "scaledSplashDamage": true,
      "splashDamageRadius": 20,
      "frontColor": "FFFFFFFF",
      "backColor": "FCC01CFF"
    }
  },
  "requirements": [
    "copper/310",
    "lead/320",
    "silicon/250",
    "titanium/290"
  ],
  "consumes": {
    "coolant": {
      "amount": 0.19
    }
  },
  "research": "deltais-delta"
}