{
  "type":"ItemTurret",
  "category":"turret",
  "size":5,
  "reload":80,
  "maxAmmo":30,
  "ammoPerShot":3,
  "inaccuracy":10,
  "velocityRnd":-1,
  "xRand":2,
  "targetAir":false,
  "shake":2,
  "rotateSpeed":3,
  "range":390,
  "minRange":45,
  "ammoUseEffect":"casing2Double",
  "shootCone":1,
  "recoil":9,
  "shootSound":"heavy-artillery",
  "shootEffect":"shootBig2",
  "shoot": {
    "type":"ShootMulti",
    "source": {
      "type":"ShootAlternate",
      "barrels":1,
      "shots":6
    }
  },
  "ammoTypes": {
    "graphite": {
      "type":"ArtilleryBulletType",
      "height":20,
      "width":17,
      "lifetime":50,
      "speed":4,
      "splashDamage":60,
      "splashDamageRadius":50,
      "frontColor":"fff8e8ff",
      "backColor":"f9c27aff",
      "collidesAir":false,
      "scaleLife":true,
      "hitShake":2,
      "ammoMultiplier":1
    }
  },
  "requirements":[
    {"item":"graphite","amount":200},
    {"item":"titanium","amount":230},
    {"item":"plastanium","amount":210}
  ],
  "research":"berondong",
  "researchCostMultiplier":3
}