{
  "type": "ItemTurret",
  "category":"turret",
  "health": 2800,
  "reload": 260,
  "size": 2,
  "targetAir": true,
  "targetGround": true,
  "rotateSpeed": 1.7,
  "shake": 8,
  "shootWarmupSpeed": 0.05,
  "minWarmup": 0.8,
  "ammoPerShot": 3,
  "range": 400,
  "shootSound": "sniper",
  "shoot": {
    "firstShotDelay": 80,
    "shots": 1,
    "shotDelay": 0
  },
  "drawer": {
    "type": "drawTurret",
    "parts": [
      {
      "type": "RegionPart",
      "progress": "warmup",
      "y": 12,
      "moveY": -1,
      "outlineLayerOffset": 0.001,
      "suffix": "-barrel",
      "layerOffset": -0.001,
      "moves": [
        {
        "type": "PartMove",
        "progress": "recoil",
        "y": -7
        }
      ]
    },
      {
        "type": "RegionPart",
        "progress": "warmup",
        "outlineLayerOffset": 0.001,
        "suffix": "-body",
        "layerOffset": 0.001
      }
    ]
  },
  "ammoTypes": {
    "thorium": {
      "type":"BasicBulletType",
      "sprite":"turret-expansion-sni-bullet",
      "height": 16,
      "width": 3,
      "hitShake": 8,
      "speed": 40,
      "lifetime": 10,
      "frontColor": "FFFFFFFF",
      "backColor": "E186D6FF",
      "splashDamage": 60,
      "ammoMultiplier": 1,
      "scaledSplashDamage": true,
      "splashDamageRadius": 20,
      "buildingDamageMultiplier":0.7,
      "damage": 470
    },
    "surge-alloy": {
      "type":"BasicBulletType",
      "sprite":"turret-expansion-sni-bullet",
      "height": 16,
      "width": 3,
      "hitShake": 10,
      "speed": 40,
      "lifetime": 10,
      "frontColor": "FFFFFFFF",
      "backColor": "E7C54FFF",
      "splashDamage": 120,
      "ammoMultiplier": 1,
      "scaledSplashDamage": true,
      "splashDamageRadius": 20,
      "buildingDamageMultiplier":0.7,
      "damage": 730
    }
  },
  "requirements": [
    "lead/840",
    "silicon/750",
    "thorium/780",
    "titanium/300"
  ],
  "consumes": {
    "power":15,
    "coolant": {
      "amount": 0.19
    }
  },
  "research": "berondong"
}