{
  "type": "GenericCrafter",
  "category": "crafting",
  "hasItems": true,
  "hasPower": true,
  "hasLiquids": true,
  "size": 4,
  "craftTime": 100,
  "consumes": {
    "items": {
      "items": [
        {"item":"building-container","amount":2},
        {"item":"plastanium","amount":2},
        {"item":"surge-alloy","amount":1}
      ]
    },
    "liquid": {"liquid":"nevoltron","amount":0.05},
    "power": 5
  },
  "outputItem": {"item":"fortress-container","amount":2},
  "requirements": [
    {"item":"base-container","amount":680},
    {"item":"building-container","amount":420},
    {"item":"silicon","amount":600},
    {"item":"thorium","amount":460}
  ]
}