{
  "type": "GenericCrafter",
  "category": "crafting",
  "hasItems": true,
  "hasPower": true,
  "hasLiquids": false,
  "size": 2,
  "craftTime": 60,
  "consumes": {
    "items": {
      "items": [
        {"item":"base-container","amount":1},
        {"item":"lead","amount":1},
        {"item":"titanium","amount":1}
      ]
    },
    "power": 3
  },
  "outputItem": {"item":"building-container","amount":1},
  "requirements": [
    {"item":"base-container","amount":200},
    {"item":"titanium","amount":220},
    {"item":"silicon","amount":200}
  ],
  "drawer":{
    "type":"DrawMulti",
    "drawers":[
      {
        "type":"DrawRegion","suffix":"-bottom"
      },
      {
        "type":"DrawRegion","suffix":"-mid"
      },
      {
        "type":"DrawFade","suffix":"-tita1","alpha":0.5,"scale":3
      },
      {
        "type":"DrawFade","suffix":"-lead1","alpha":0.5,"scale":-3
      },
      {
        "type":"DrawFade","suffix":"-tita2","alpha":0.5,"scale":-3
      },
      {
        "type":"DrawFade","suffix":"-lead2","alpha":0.5,"scale":3
      },
      {"type":"DrawWeave"},{"type":"DrawDefault"}
    ]
  }
}