{
  "type": "GenericCrafter",
  "category": "crafting",
  "hasItems": true,
  "hasPower": true,
  "hasLiquids": false,
  "size": 2,
  "craftTime": 120,
  "consumes": {
    "items": {
      "items": [
        {"item":"copper","amount":1},
        {"item":"sand","amount":2}
      ]
    },
    "power": 2
  },
  "outputItem": {"item":"base-container","amount":2},
  "requirements": [
    {"item":"copper","amount":200},
    {"item":"graphite","amount":180},
    {"item":"silicon","amount":120}
  ],
  "drawer":{
    "type":"DrawMulti",
    "drawers":[
      {
        "type":"DrawRegion",
        "suffix":"-bottom"
      },
      {
        "type":"DrawRegion",
        "suffix":"-mid"
      },
      {
        "type":"DrawGlowRegion",
        "glowIntensity":0.75,"color":"ad805a"
      },
      {"type":"DrawDefault"}
    ]
  }
}