{
  "type":"ItemTurret",
  "category":"turret",
  "health":46000,
  "size":12,
  "range":1200,
  "maxAmmo":2,
  "ammoPerShot":1,
  "reload":1500,
  "shoot":{
    "type":"ShootPattern",
    "firstShotDelay":1200,
  },
  "shake":5,
  "ammoUseEffect":"none",
  "rotateSpeed": 0.3,
  "shootSound":"sniper-short",
  "displayAmmoMultiplier":false,
  "minRange":180,
  "coolantMultiplier":0.5,
  "predictTarget":false,
  "ammoTypes": {
    "fuse-stone": {
      "type":"BasicBulletType",
      "height":70,
      "width":50,
      "lifetime":9,
      "speed":150,
      "ammoMultiplier":1,
      "damage":70000,
      "splashDamage":26000,
      "scaledSplashDamage": true,
      "splashDamageRadius": 600,
      "frontColor": "FFFFFFFF",
      "backColor": "FCC01CFF",
      "hitEffect": "hitBulletBig",
      "despawnEffect": "flakExplosion",
      "buildingDamageMultiplier": 0.5,
      "smokeEffect": "shootBigSmoke",
      "hittable":false,
      "trailChance": 1,
      "trailRotation": true,
      "trailEffect": {
        "type":"multiEffect",
        "effects":[
          {
            "type": "ParticleEffect",
            "particles": 1,
            "sizeFrom": 100,
            "sizeTo": 50,
            "length":1,
            "lifetime": 40,
            "colorFrom": "FCC01CFF",
            "colorTo": "FCC01C00",
            "region": "turret-expansion-rail",
          }
        ]
      }
    }
  },
  "requirements":[
    "copper/8000",
    "lead/8200",
    "metaglass/7900",
    "thorium/6700",
    "plastanium/5200",
    "surge-alloy/3000"
  ],
  "research":"foreshadow",
  "consumes": {
    "power":40,
    "coolant": {"amount":1.2}
  }
}